ID,Title,Location,Salary,Summary
https://kr.indeed.com/viewjob?jk=69c4ff736cdf64c7,부문별 정규직 (경력),이씨에스텔레콤 서울 서초구,,"Customer Care (필드매니저) [필수사항] - OS: Linux / windows - Language: Java 3년이상 - DB: MYSQL / MS-SQL /Oracle [우대사항] - AVAYA, CISCO 등..."
https://kr.indeed.com/viewjob?jk=5420a9822ef195e6,2020년 하반기 개발부문,모디엠 서울 성동구,,"및 객체인식 - C&C++, Java 개발 경험자 2 명 근무조건 근무지... 통신·모바일·게임>응용프로그래머>C·C++|인터넷·IT·통신·모바일·게임>응용프로그래머> JAVA|인터넷·IT·통신·모바일·게임>웹프로그래머> JAVA"
https://kr.indeed.com/viewjob?jk=89633e1c40af42f0,소프트웨어 신입/경력 정규직,띵스파이어 서울 강남구,"연봉 35,000,000원 - 40,000,000원","채용 회사소개 모집부문 및 자격요건 모집부문 담당업무 자격요건 인원 소프트웨어 [담당업무] JAVA/Spring F/W 개발경험 Java Script, jQuery 등 개발경험 MySQL, Oracle DB 쿼리 네트워크개발..."
https://kr.indeed.com/viewjob?jk=a52742ab33613a20,전 분야 경력직 상시,고영테크놀러지 용인 수지구,,및 우대사항 모집인원 JAVA 개발자 - Java Spring 기반 서버... 인터넷·IT·통신·모바일·게임>웹프로그래머> JAVA|인터넷·IT·통신·모바일·게임>응용프로그래머> JAVA|인터넷·IT·통신·모바일·게임>ERP·시스템...
https://kr.indeed.com/viewjob?jk=e5808697206c47a3,2021 상반기 JAVA 웹 개발자,데이터로직스 서울 강남구,,인원 JAVA 웹 개발자 [자격요건] -학력 : 초대졸이상 (졸업예정자 가능) -경력 : 신입/경력 [우대조건] - 즉시 출근 가능자 - JAVA 활용... 그래머> JAVA|인터넷·IT·통신·모바일·게임>응용프로그래머> JAVA|인터...
https://kr.indeed.com/viewjob?jk=dd31b1e46e59190d,"응용프로그램 개발 (C#, JAVA) (신입/경력)",비에스엔씨 서울,,"영어가능자, 해외근무 가능자, 지방근무 가능자 인터넷·IT·통신·모바일·게임>응용프로그래머>C#|인터넷·IT·통신·모바일·게임>응용프로그래머> JAVA"
https://kr.indeed.com/viewjob?jk=67b4b45ba3a82fd6,인공지능 대표기업 솔트룩스 각 부문 신입 및 경력사원,솔트룩스 서울 강남구,,"신휴가, 프로젝트 휴가 지원 * 동호회 지원 모집구분 ※ SC사업본부 JAVA 웹 개발자(과/차장), 0명 [담당업무 및 자격요건] * 경력 7년이... 및 개발 분야 [우대사항] * JAVA 사용 경험자 * 영어 능통자 우대..."
https://kr.indeed.com/viewjob?jk=444922a0396fe501,[대구]java 웹프로그래머 경력직 (정규직),산들정보통신 대구 동구,,"콘텐츠사업부]- 웹개발자- 웹프로그래머 - 응용프로그램 개발, JAVA, JSP, Java script, Spring framework,프레임워크 또는... 통신·모바일·게임>응용프로그래머> JAVA|인터넷·IT·통신·모바일·게임..."
https://kr.indeed.com/viewjob?jk=8e5f8b2ca8ad6a85,[오픈멤버] 백엔드(JAVA) 경력 정규직,스너그스튜디오 서울 강남구,"연봉 45,000,000원 - 65,000,000원",(주)스너그스튜디오 [오픈멤버채용] 백엔드( JAVA) 개발자 모집 (주)스너그스튜디... 있습니다! 많은 지원 부탁드립니다 :D 모집부문 및 자격요건 담당업무 ㆍ JAVA 기반의 웹서비스 개발 및 운영 ㆍAWS 클라우드 기반의 웹서비스 운영...
https://kr.indeed.com/viewjob?jk=fdd1ec500461c093,"프론트엔드, 백엔드 개발 경력 정규직",토이스미스 서울 강남구,,"l 자료구조 및 알고리즘에 대한 이해 (스택 & 큐 & 데이터 풀) l JAVA 혹은 Node.js 중 하나 이상의 언어에 능숙 l REST API에... 이외의 개발언어 능력 ( JAVA, TypeScript, Python 등..."
https://kr.indeed.com/viewjob?jk=d2e4741d91acf622,"2021년 상반기 JAVA 개발 경력자 JSP, SCJP 경력 정규직",티씨씨아이엔에스 서울 영등포구,,"자격요건 담당업무 자격요건 인원 JAVA Core Programing 개발자( java IO, Network, Thread) DBMS 연동 Spring 또는 Strut 기반의 JSP 개발 가능자 SQL 작성 및 사용 JAVA..."
https://kr.indeed.com/viewjob?jk=f8e57bb7e45a66b6,[경력] Java 웹개발 정규직,가온아이 서울 강남구,,가온아이 [경력] Java 웹개발 정규직 모집합니다. 모집부문 및 자격요건 모집분야 담당업무 자격요건 경력 Java 웹 개발자 그룹웨어 응용프로그램... 통신·모바일·게임>웹프로그래머> JAVA|인터넷·IT·통신·모바일·게임>웹프...
https://kr.indeed.com/viewjob?jk=8028c8021ea1f6e5,[신입/경력] 파이썬 백엔드 웹 개발자,파인헬스케어 서울 성동구,,게임>웹프로그래머>JSP|인터넷·IT·통신·모바일·게임>응용프로그래머> JAVA|인터넷·IT·통신·모바일·게임>웹프로그래머>PHP |인터넷·IT·통신... 통신·모바일·게임>웹프로그래머> JAVA|인터넷·IT·통신·모바일·게임>웹프...
https://kr.indeed.com/viewjob?jk=41bfd674f66c0c14,[KSTEC] RPA 시스템 개발 경력사원,지식시스템 성남 분당구,,3년 ~ 12년[기술요구사항]1. Java Programming 가능자2... 응용프로그래머> JAVA|인터넷·IT·통신·모바일·게임>응용프로그래머>.NET|인터넷·IT·통신·모바일·게임>웹프로그래머> JAVA|인터넷·IT·통신...
https://kr.indeed.com/viewjob?jk=be95b5718905880f,AI/빅데이터/클라우드 분야 (인재 Pool),LG유플러스 3.8 서울,,"전공 - 직무경험 1) 퍼블릭 클라우드(AWS, GCP등)의 다양한 솔루션을 활용하여 서비스 개발 경험자 2) Java,Python 등 프로그래밍 개발 경험 보유자 3) Container 기반 서비스 개발 및 운영 경험 보유..."
https://kr.indeed.com/viewjob?jk=ddac7f7b72c3e6c0,JAVA/JSP 웹프로그래머(경력),니트로아이 수원 팔달구,"연봉 21,960,000원 - 60,000,000원",직무내용] JAVA/JSP 웹프로그램 개발자 모집Spring(전자정부표준프... 게임>웹프로그래머>JSP|인터넷·IT·통신·모바일·게임>응용프로그래머> JAVA|인터넷·IT·통신·모바일·게임>웹프로그래머>PHP |인터넷·IT·통신...
https://kr.indeed.com/viewjob?jk=d3d120eb1e0e54cb,Backend Application Developer,이베이 코리아 서울 강남구,,개발 [필수사항] - 총 경력 3년 ~ 12년 - Backend application 개발 경력 3 년 이상 - java 개발 경험이 풍부하고 기타 다른 언어 (1 개 이상 ) 를 습득 하신 분 - Spring 프레임워크...
https://kr.indeed.com/viewjob?jk=a0dda478567db352,"(주)트윔 개발자(경력직) 빅데이터,영상처리,머신비전/AI 딥러닝",트윔 경기도 화성,,"광학계 개발 경험자 - RBM/DBN/CNN/RNN 등 딥러닝 이론 및 알고리즘 유경험자 - C/C++, Java, Python/TensorFlow/Caffe 사용가능자 - Matlab/R 분석틀 사용 가능자 - 인근 거주자..."
https://kr.indeed.com/viewjob?jk=aee052f65e4527f2,JAVA개발 신입/경력 정규직,실크로드소프트 수원 영통구,,소프트 JAVA개발 신입/경력 정규직 채용 모집부문 및 자격요건 모집부문 담당업무 자격요건 인원 JAVA개발 [담당업무] [ Java 기반 솔루션 개발... 터링 솔루션 Backend 개발 - Java 기반의 데이터 정합성 검증 및...
https://kr.indeed.com/viewjob?jk=562bef0c869dbefd,[기술부문/기술지원 엔지니어] 티맥스그룹 2021년 상반기 특별,티맥스소프트 성남 분당구,,"학사) 이상 기졸업 또는 졸업 예정이신 분 ㆍ 경력의 경우 해당 경력 2년 이상인 분 [상세] ㆍ C/ Java, Java-script 기반의 프로젝트 개발 경험자 ㆍ 프레임워크, 인터페이스(FEP, EAI, MCI) 기반..."
https://kr.indeed.com/viewjob?jk=d7e69e0f9a80c166,"(주)엘앰캐드 웹 프로그래머(JAVA, Spring, Javascript...",엘앰캐드 서울 강남구,,"PDM 및 PLM 유경험자, ES6 숙련자 우대 인터넷·IT·통신·모바일·게임>웹프로그래머>프론트엔드|인터넷·IT·통신·모바일·게임>게임(Game)>서버·네트워크개발"
https://kr.indeed.com/viewjob?jk=3cb8c368f838a7e6,[점심시간의 사이렌오더]웹개발자 신규/경력,언더라인 서울 동대문구,,"[웹프로그래밍] - jsp, java, ASP / PHP 개발 능숙자 - HTML, JavaScript, css 능숙자 - MS SQL, Oracle, MySQL 등 DBMS 설계 및 운영 가능자 - 웹, DB서버 구축 및..."
https://kr.indeed.com/viewjob?jk=6eadc1026c4e3e69,유명주식투자 정보제공 기업 안드로이드 앱개발 정규직,인파트너스 서울 서초구,"연봉 60,000,000원 - 70,000,000원","담당업무 자격요건 인원 [담당업무]안드로이드 개발지원자격- 앱개발 경력 2년 이상- Android Native( JAVA 또는 Kotlin), 하이브리드앱 개발 가능- Node.js 가능(필수)- iOS 개발 가능자 (우대..."
https://kr.indeed.com/viewjob?jk=9a7af9ae4b6f9f22,농심엔지니어링 솔루션사업팀 IT개발 경력직 수시,농심엔지니어링 서울 동작구,,열정이 있는 인재 여러분을 기다립니다. 채용구분지원분야 담당업무 인터넷·IT·통신·모바일·게임>응용프로그래머> JAVA|인터넷·IT·통신·모바일·게임>응용프로그래머>C#|인터넷·IT·통신·모바일·게임>데이터베이스·DBA>MS...
https://kr.indeed.com/viewjob?jk=31c8ae4a133b5147,SW(모바일앱 및 웹개발) 신입/경력 정규직 개발자,더조인 서울 강남구,,수 있습니다. 인터넷·IT·통신·모바일·게임>웹프로그래머>JSP|인터넷·IT·통신·모바일·게임>웹프로그래머> JAVA|인터넷·IT·통신·모바일·게임>웹프로그래머>AJAX|인터넷·IT·통신·모바일·게임>웹프로그래머>백엔드|인터넷...
https://kr.indeed.com/viewjob?jk=634bb1f5a4ecd428,"블록체인 , 거래소 개발자",알라딘글로벌알앤디센터 서울 강남구,,"개발자 채용 [자격요건]ㆍ Java , Node , Go , Python 등... 웹프로그래머> JAVA|인터넷·IT·통신·모바일·게임>웹프로그래머>Python|인터넷·IT·통신·모바일·게임>응용프로그래머> JAVA|인터넷·IT·통신..."
https://kr.indeed.com/viewjob?jk=8951e07ad379f069,Java·JSP 정규직 - 신입사원(청년 내일채움공제),블루비즈넷 서울 강서구,"연봉 25,000,000원 - 26,000,000원","직무내용] 담당업무 ＊ JAVA 개발(SI,SM)지원 자격 ＊신입(사원급... 게임>웹프로그래머>JSP|인터넷·IT·통신·모바일·게임>응용프로그래머> JAVA|인터넷·IT·통신·모바일·게임>웹프로그래머>PHP |인터넷·IT·통신..."
https://kr.indeed.com/viewjob?jk=c3060f2b3d98304f,안드로이드 앱/Java 웹 개발자,하이앤씨아이티 서울 영등포구,,담당업무][개발]- 안드로이드 앱 개발 / 안드로이드 스튜디오- 웹개발( Java)- 여의도 보험개발원 근무(1년이상)[근무부서 및 직급/직책]근무부서... 어플리케이션(App)|인터넷·IT·통신·모바일·게임>웹프로그래머> JAVA
https://kr.indeed.com/viewjob?jk=2a97fd806d642347,정규직/병역특례전문요원 단말 에이전트 개발자 신입/경력,아라드네트웍스 서울 양재동,,"Android 및 Linux) 개발 [기본사항] - 신입/경력 2년 [자격요건] - C/C++, Java 중 하나 이상의 개발 가능자 [우대사항] - Linux 경험자 - 안드로이드 개발 경험자 - socket..."
https://kr.indeed.com/viewjob?jk=164bc2fa2e43e913,임베디드 개발 신입/경력 인턴 (정규직전환) (병역특례자 우대),스칼라웍스 서울 금천구,,모바일·게임>시스템프로그래머>임베디드(Embedded)|인터넷·IT·통신·모바일·게임>응용프로그래머>Linux|인터넷·IT·통신·모바일·게임>응용프로그래머>Windows|인터넷·IT·통신·모바일·게임>응용프로그래머> JAVA
https://kr.indeed.com/viewjob?jk=617df176d304ab9c,웹서버개발자(풀스택),넷아이디 서울 강남구,"연봉 35,000,000원 - 40,000,000원","- 요구기술 1. 초급 이상 java 프로그래밍 가능하신 분 2. 웹프로그램... 학력사항: 초대졸 이상, 공학계열 전공자 - 요구기술 1. 초급 이상 java 프로그래밍 가능하신 분 2. 웹프로그램 경험자(HTML, CSS..."
https://kr.indeed.com/viewjob?jk=5351cda14bcbd10d,(주)익스모바일 시스템 개발자 Java 프로그래머 및 시스템 영업직,익스모바일 서울 강남구,,"- 컴퓨터공학 전공 우대 - 자격증(정보처리기사, 산업기사) 우대 인터넷·IT·통신·모바일·게임>응용프로그래머> JAVA|인터넷·IT·통신·모바일·게임>게임(Game)>서버·네트워크개발|무역·영업·판매·매장관리>기술영업>일반기술영업"
https://kr.indeed.com/viewjob?jk=9814adfd22233028,IT부문 신입직원,전국렌터카공제조합 서울 광진구,,"프라, DBMS) 소지자 우대 - JAVA, JSP 기반 웹 개발역량 우대... 게임>웹프로그래머>PHP |인터넷·IT·통신·모바일·게임>웹프로그래머> JAVA|인터넷·IT·통신·모바일·게임>웹프로그래머>EJB|인터넷·IT·통신..."
https://kr.indeed.com/viewjob?jk=f665aa394f20e901,[코스닥] IT개발(JAVA) 경력직,커리어서포트 서울 서초구,,"동종업계 (바이오 or 식품업계) 근무 경력자 우대 [코스닥] IT개발( JAVA) 경력직 모집 모집부문 및 자격요건 담당업무 자격요건 인원 [담당업무]- JAVA, Spring기반 Front-End 및 back-End개발..."
https://kr.indeed.com/viewjob?jk=232d303badc95396,JAVA 경력 정규직,브라이트컨설팅 과천 과천시,,"브라이트컨설팅 JAVA 경력 정규직 채용 모집부문 및 자격요건 담당업무... 프로젝트 설계 및 개발 수행 [관련경력 5년 이상] [필수/우대사항] (필수) Java, JSP, Spring Framework (3년 이상) (필수..."
https://kr.indeed.com/viewjob?jk=512e5c44f34a7841,"개발자, 디자이너 신입 정규직",이노다임 서울,,Android - JAVA JSP 2. 디자이너 - 웹디자인 - 시스템디자... 게임>웹프로그래머>JSP|인터넷·IT·통신·모바일·게임>웹프로그래머> JAVA|인터넷·IT·통신·모바일·게임>웹프로그래머>MiPlatform|인터넷...
https://kr.indeed.com/viewjob?jk=a7a22c905ff6f1ea,"웹개발, ASP 외 신입/경력 정규직",엔잡얼라이언스 서울 금천구,,그래머>웹개발|인터넷·IT·통신·모바일·게임>웹프로그래머>ASP|인터넷·IT·통신·모바일·게임>웹프로그래머> JAVA|인터넷·IT·통신·모바일·게임>웹프로그래머>Python|인터넷·IT·통신·모바일·게임>웹디자인>웹디자인|인터...
https://kr.indeed.com/viewjob?jk=b8d7314b4e954f39,[R&D부문/UX/UI개발] 티맥스그룹 2021년 상반기 특별 (신입 및...,티맥스소프트 성남 분당구,,"ㆍ Golang, JS, Java 프로그래밍 유경험자 ㆍ Kubernetes 및 VM 환경 관리 유경험자 ㆍ 서버 인프라 관리 유경험자 [프론트 및 백엔드 상세] ㆍ Golang, JS, Java 프로그래밍 유경험자 ㆍ..."
https://kr.indeed.com/viewjob?jk=8e4bef677da0ca48,[오리온시스템즈(주)] Java 개발자 신입 사원,오리온시스템즈 안양 동안구,"연봉 22,000,000원 - 24,000,000원",직무내용] # JAVA 프로그램 유지보수 - 소켓통신 프로그램 유지보수 - 추가기능 제작# 서버관리 - 서버에서 가동되는 프로그램 관리 - DB... 병역특례] - 비희망 인터넷·IT·통신·모바일·게임>응용프로그래머> JAVA
https://kr.indeed.com/viewjob?jk=0b026279c9967e05,"IoT, VR/AR부문 C, C#, JAVA, VR/AR 개발자(경력)",노바테크 서울,,"경력자 우대합니다. (주)노바테크 IoT, VR/AR부문 C, C#, JAVA, VR/AR 개발자(경력) 모집부문 및 자격요건 담당업무 자격요건 인원... 통신·모바일·게임>응용프로그래머> JAVA|인터넷·IT·통신·모바일·게임..."
https://kr.indeed.com/viewjob?jk=71febb931ba8fb59,"[신입, 경력] 대기업관공서 JAVA 프로그래머",㈜루트시스템즈 서울,,인터넷·IT·통신·모바일·게임>웹프로그래머> JAVA|인터넷·IT·통신·모바일·게임>웹프로그래머>JSP|인터넷·IT·통신·모바일·게임>응용프로그래머> JAVA|인터넷·IT·통신·모바일·게임>응용프로그래머>Linux|인터넷...
https://kr.indeed.com/viewjob?jk=ac11bc289face65a,핀테크서비스 개발.,제이엔커리어 서울 중구,,"공학 계열 학사이상 졸업자 - C, JAVA 가능자(핵심역량) - 경력 3... 실이 있을 경우 채용이 취소될 수 있습니다. 인터넷·IT·통신·모바일·게임>웹프로그래머> JAVA|인터넷·IT·통신·모바일·게임>응용프로그래머> JAVA"
https://kr.indeed.com/viewjob?jk=82a3ddb4dc21acfb,Java 개발자 (통합인증 개발 및 서비스 구축),파로스인포 서울 송파구,,"템플릿 6 파로스인포 JAVA 기반 보안솔루션 개발 인력 채용 모집부문 및 자격요건 담당업무 자격요건 인원 [담당업무] Java 개발자 인력 채용... 웹프로그래밍, 웹개발[우대사항] Java / Spring 관련 프로그래밍..."
https://kr.indeed.com/viewjob?jk=4a7e33903f6d7b97,[빅데이터플랫폼] 데이터 엔지니어,한국카카오은행 성남 분당구,,DBA|인터넷·IT·통신·모바일·게임>데이터베이스·DBA>SQL|인터넷·IT·통신·모바일·게임>응용프로그래머> JAVA|인터넷·IT·통신·모바일·게임>웹프로그래머> JAVA|인터넷·IT·통신·모바일·게임>통신·모바일>플랫폼(VM)
https://kr.indeed.com/viewjob?jk=4e647eebcae04884,[신입/경력] 안드로이드 앱 개발자,파인헬스케어 서울 성동구,,ㆍ경력 : 상용업체 경력 1년이상우대사항ㆍ컴퓨터공학 유관학과 전공자ㆍAndroid 플랫폼에 대한 높은 이해도ㆍ Java/Kotlin 개발가능ㆍReact Native/Flutter 등 크로스 앱 개발 가능ㆍNDK 개발 경험ㆍ모바...
https://kr.indeed.com/viewjob?jk=118ef322f9fc53e1,ERP 및 MES 개발 및 운영 경력 정규직,지맥스솔루션 서울 강남구,,"- ERP개발 경력자 - Java 개발 경력자 - 인사급여,연말정산 경력자... 학력사항: 초 · 대졸 이상[우대사항] - ERP개발 경력자 - Java 개발 경력자 - 인사급여,연말정산 경력자[필요스킬] - Language..."
https://kr.indeed.com/viewjob?jk=d3130f412b2cda3a,플랫폼 자바웹 프론트/백엔드 시스템 개발자,에이피서비스 서울 강남구,"연봉 45,000,000원 - 65,000,000원","협의후 결정)근무형태 : 정규직직종 : 자바웹개발백엔드)담당업무 : 플랫폼 서비스 모듈/어드민 개발필요기술 : JAVA/JSP,Javascript,React Jquery, Spring Framework, Restful API..."
https://kr.indeed.com/viewjob?jk=50bd31dea8a2650c,(주) 시소 경력직 인성갑 개발자,시소 서울 마포구,,인터넷·IT·통신·모바일·게임>웹프로그래머>웹개발|인터넷·IT·통신·모바일·게임>웹프로그래머>PHP |인터넷·IT·통신·모바일·게임>웹프로그래머> JAVA
https://kr.indeed.com/viewjob?jk=55a19c92c845685e,Developer / Designer recruit,마이뮤직테이스트 서울 논현동,,"i.e Python, Ruby, Java, .Net etc... testing - Test environment management - JAVA or Python - Intermediate knowledge..."
https://kr.indeed.com/viewjob?jk=4e91309fc89e9534,2020년 하반기 영업/기획/마케팅/개발 부문,아우토크립트 서울 영등포구,,"Python / Flask, Java / Spring, JavaScript... 서비스용 서버 개발 - Spring Boot, Kotlin 경험자 - JAVA 개발가능자 1명 제출서류 홈페이지를 통한 입사지원서(경력자의 경우 개발..."
https://kr.indeed.com/viewjob?jk=1b3b45db98b641b9,[수원 영통] 자바 개발자(정규직 또는 계약),지금컴퍼니 서울 서초구,,경력 9년 ↑( 인터넷·IT·통신·모바일·게임>웹프로그래머>JSP|인터넷·IT·통신·모바일·게임>웹프로그래머> JAVA|인터넷·IT·통신·모바일·게임>웹프로그래머>백엔드|인터넷·IT·통신·모바일·게임>웹프로그래머>프론트엔드
https://kr.indeed.com/viewjob?jk=8a2f1c0c95d5f4a8,[인턴] 물류 IT전문기업 이앤씨지엘에스,이앤씨지엘에스 성남 분당구,,응용프로그래머>자바스크립트|인터넷·IT·통신·모바일·게임>응용프로그래머>Android|인터넷·IT·통신·모바일·게임>응용프로그래머> JAVA|유통·물류·운송·운전>운송·물류>물류관리|유통·물류·운송·운전>운송·물류>창고관리
https://kr.indeed.com/viewjob?jk=0353147ec51978e1,서비스 개발/운영 Web개발자,텐바이텐 서울 종로구,,보다 훌륭한 경험을 제공하기 위해 Java Spring Framework... 게임>웹프로그래머>백엔드|인터넷·IT·통신·모바일·게임>응용프로그래머> JAVA|인터넷·IT·통신·모바일·게임>데이터베이스·DBA>MS-SQL|인터넷...
https://kr.indeed.com/viewjob?jk=e4e15edf1b824d23,"INFA 대출인바운드 상담 , 프로그램개발자c++상 java상 경력 외...",드림파트너스 서울 노원구,,제목 회사소개 근무조건 근무지 : 서울 > 노원구 > 의정부 근무요일 : 주5일 근무시간 : 09시 00분 ~ 18시 30분 급여 : 평균 300만원이상 (기본급+인센티브)/개발자 통계가능자(경력직) 급여 : 평균400만원이...
https://kr.indeed.com/viewjob?jk=3f8eb1de24add612,디지털 플랫폼 개발 경력사원,LG전자 3.8 서울 영등포구,,"B2C 앱(커머스) 서비스 구축 및 App 경험(개발 프로젝트 기획부터 릴리스까지) - App 구축에 필수적인 JAVA, .Net, Android, iOS, Database 기술 이해 - WBS 기반의 프로젝트 일정 관리 및..."
https://kr.indeed.com/viewjob?jk=fbf982b1f1da7998,Java spring tomcat jquery jsp 웹프로그래머 경력자,제이에스비엠디 경기도 광명,"연봉 36,000,000원 - 42,000,000원",[직무내용] <Spring기반 웹개발 경력자 채용>( Java spring tomcat jquery jsp 웹프로그래머 경력자 채용)<자격조건>전문대졸... 병역특례] - 비희망 인터넷·IT·통신·모바일·게임>응용프로그래머> JAVA
https://kr.indeed.com/viewjob?jk=7be13aae12746c81,JAVA 경력 계약직,의료법인 나래의료재단 나래의원 안양 동안구,,"인원 EMR, CRM, ERP시스템 개발 및 유지보수 [현재기술스택] java, spring, jpa, jquery, handblebar.js, vue... 됩니다.[자격요건] 인터넷·IT·통신·모바일·게임>응용프로그래머> JAVA"
https://kr.indeed.com/viewjob?jk=ca086d02b836cac2,"[광주광역시] 웹개발자 경력자 (프론트엔드, JAVA 등)",엠알티 광주 북구,"연봉 40,000,000원 - 80,000,000원",웹 서비스를 개발 자격요건ㆍC/C++ㆍ JAVAㆍMySQLㆍ[경력] 풀스택... 게임>웹프로그래머>JSP|인터넷·IT·통신·모바일·게임>응용프로그래머> JAVA|인터넷·IT·통신·모바일·게임>웹프로그래머>PHP |인터넷·IT·통신...
https://kr.indeed.com/viewjob?jk=3afc537c8085ad9c,Senior Data Engineer,뱅크샐러드 서울 영등포구,,"개발 및 운영 경험 클라우드 기반의 Data Lake 개발 및 운영 경험 Python 또는 JVM 기반 언어( Java, Scala) 중 하나 이상을 능숙히 사용 고객 경험 중심의 협업 기술 및 다양한 직군과의 원활한 커뮤니케..."
https://kr.indeed.com/viewjob?jk=cdc691cace5e9b21,"WEB개발(JAVA, JSP) 경력 정규직, 프리랜서",에이앤티솔루션 성남 분당구,,"0명모집영역 : - WEB개발자( JAVA, JSP): 0명(경력:3년 이상... 채용이 취소될 수 있습니다. 인터넷·IT·통신·모바일·게임>웹프로그래머> JAVA|인터넷·IT·통신·모바일·게임>웹프로그래머>JSP|인터넷·IT·통신..."
https://kr.indeed.com/viewjob?jk=346e24b0bff2fa06,[2021년] 상반기 신입 및 경력사원,아이티리폼 서울 종로구,"연봉 30,000,000원 - 35,000,000원",로그래머>JSP|인터넷·IT·통신·모바일·게임>웹프로그래머> JAVA|인터넷·IT·통신·모바일·게임>웹프로그래머>백엔드|인터넷·IT·통신·모바일·게임>웹프로그래머>프론트엔드|인터넷·IT·통신·모바일·게임>응용프로그래머> JAVA
https://kr.indeed.com/viewjob?jk=ad8de3a87bac907c,"[인공지능기업] C#,DLL 정규직",머니브레인 서울,,학력무관 - 윈도우즈 DLL 개발 - Java로 된 SDK를 윈도우로 포팅... 자격요건]- 경력: 5년↑- 학력 : 학력무관- 윈도우즈 DLL 개발- Java로 된 SDK를 윈도우로 포팅- DLL은 시작 요청을 받으면 특정 위치...
https://kr.indeed.com/viewjob?jk=c5188e23ad6d1706,"JAVA, 서버·네트워크개발 외 신입/경력 정규직",SJ소프트텍 서울 성동구,"연봉 25,000,000원 - 30,000,000원","SJ소프트텍 JAVA, 서버·네트워크개발 외 신입/경력 정규직 채용 모집부문 및 자격요건 담당업무 자격요건 인원 [담당업무] Java, jsp,프론트... 통신·모바일·게임>응용프로그래머> JAVA|인터넷·IT·통신·모바일·게임..."
https://kr.indeed.com/viewjob?jk=f9e5d79b0fae933a,"C#, .NET 외 경력 정규직, 계약직, 프리랜서",위쉬정보기술 서울 송파구,,"웹폼), WPF - 기 간 : 연단위 - 경력 1년 이상 0명 인터넷·IT·통신·모바일·게임>응용프로그래머>C#|인터넷·IT·통신·모바일·게임>응용프로그래머>.NET|인터넷·IT·통신·모바일·게임>응용프로그래머> JAVA"
https://kr.indeed.com/viewjob?jk=0064deb5fa9cbce0,데이터 사이언티스트 모집,카카오 4.0 성남 판교역,,"통해 알고리즘을 개선합니다. 지원자격 지원자격 하나 이상의 프로그래밍 언어에 익숙한 분(Python, Java, C/C++, Scala 등) 머신러닝/딥러닝 오픈소스를 이용하여 1년 이상 특정 서비스에 모델 개발/운영..."
https://kr.indeed.com/viewjob?jk=370dba70a3edb86c,S/W 개발 신입 및 경력직,캔랩 서울 금천구,"연봉 35,000,000원 - 40,000,000원","제공,수평적이고 자유로운 기업문화, 출산휴가, 금요일 조기퇴근제도 인터넷·IT·통신·모바일·게임>응용프로그래머>C·C++|인터넷·IT·통신·모바일·게임>응용프로그래머> JAVA|인터넷·IT·통신·모바일·게임>응용프로그래머>C#"
https://kr.indeed.com/viewjob?jk=8ad5b34f635a8cd0,(주)퓨어스마트 스마트카드 COS(Chip Operating System...,퓨어스마트 서울 강남구,,"- 스마트카드 관련분야 3년 이상 근무자 - 스마트카드 Native OS 개발 가능자 (또는 스마트카드 JAVA Applet 개발 가능자), C/C++ 개발 가능자 - 전공계열 (전기/전자공학/컴퓨터/시스템공학) 전자·기계·기술..."
https://kr.indeed.com/viewjob?jk=abd1590860e1e1b3,[우량 E-커머스 벤처기업] 데이터 엔지니어 (주니어 ~ 시니어),TrueHR 서울 강남구,,"- Scala, Java, Python 중 하나 이상의 프로그래밍 언어를 경험... 4년 이상 8년 이하)학력사항: 대학교(4년)졸업기타: - Scala, Java, Python 중 하나 이상의 프로그래밍 언어를 경험하신 분- 알고리..."
https://kr.indeed.com/viewjob?jk=11f4e5048af50bfe,"JAVA, C언어, 암호화모듈 솔루션 개 개발자 신입 및 경력",이지서티 서울 구로구,,"(주)이지서티 JAVA, C언어, 암호화모듈 솔루션 개발자 신입 및 경력직 채용공고 모집부문 및 자격요건 담당업무 자격요건 인원 [담당업무] 제품개발, 솔루션 개발(C, JAVA) [근무부서 및 직급/직책] 근무부서: 제품개발..."
https://kr.indeed.com/viewjob?jk=a14fe79cc82d9033,(주)푸른새벽 웹/앱 프로그래머 팀원,푸른새벽 서울 영등포구,"연봉 26,000,000원 - 54,000,000원","BackEnd 개발● java, jsp, javascript 웹프로그램... FrontEnd, BackEnd 개발, java, jsp, javascript 웹프로그램 개발지원자격ㆍ Java/Spring 개발 ㆍ Vue.js..."
https://kr.indeed.com/viewjob?jk=b64146f049351231,App 및 Java개발자,파밀리데이터 안양 동안구,"월급 2,400,000원",게임>웹프로그래머>JSP|인터넷·IT·통신·모바일·게임>응용프로그래머> JAVA|인터넷·IT·통신·모바일·게임>웹프로그래머>PHP |인터넷·IT·통신... 통신·모바일·게임>웹프로그래머> JAVA|인터넷·IT·통신·모바일·게임>웹프...
https://kr.indeed.com/viewjob?jk=643ef4db65461d01,"[(주)데이터누리] Java 개발자 신입, 경력",데이터누리 서울 강서구,,"[우대조건] - 신입 Java 개발(App 및 Web App) 가능 Web Front 개발(Javascript, Node.js, Jquery) 가능 - 경력 데이터 이행(ETL/EAI/ESB) 업무 가능자 Java 개발(App 및..."
https://kr.indeed.com/viewjob?jk=f7413100cdf5888f,[NHN TicketLink] 티켓링크 Java 개발자 경력,엔에이치엔티켓링크 성남 분당구,,연동 등 * 경력 4년 이상 * Java/Spring Framework... 인터넷·IT·통신·모바일·게임>웹프로그래머> JAVA|인터넷·IT·통신·모바일·게임>응용프로그래머> JAVA|인터넷·IT·통신·모바일·게임>응용프로그래머...
https://kr.indeed.com/viewjob?jk=e8a4962ec3cd7916,"웹 구축 파트별(기획, 디자인, 퍼블리싱, 개발) 경력직(3년 이상)",오엠인터랙티브 서울 성동구,,통신·모바일·게임>HTML·퍼블리싱·UI개발>웹표준|인터넷·IT·통신·모바일·게임>HTML·퍼블리싱·UI개발>자바스크립트|인터넷·IT·통신·모바일·게임>웹프로그래머>웹개발|인터넷·IT·통신·모바일·게임>웹프로그래머> JAVA
https://kr.indeed.com/viewjob?jk=2cf2b8f5bd6504fc,Back-end 개발자,코그넷나인 서울 서초구,,"Golang, 개발 Platform : Linux CentOS7 우대 사항 : C/C++(필수), Java, Java-Script, RESTful API, Docker, AWS, Azure, GCP [자격요건] 경력사항..."
https://kr.indeed.com/viewjob?jk=dda4f419ad70cb8a,솔루션 개발 경력사원 채용,한화그룹 4.2 서울,,"언어 능숙자(C/C++/C#/ Java/PHP) 윈도우 및 리눅스 운영체제 활용 능숙자 IP 네트워크, 운영체제, 데이터베이스 등 CS 기본 지식 서버사이드스크립트(Python/PHP/ Java 등)와 HTML, CSS..."
https://kr.indeed.com/viewjob?jk=104d38fbe4ea2bcd,JAVA 개발자,지미디어 성남 분당구,,원서 및 제출서류에 허위사실이 있을 경우 채용이 취소될 수 있습니다. 인터넷·IT·통신·모바일·게임>웹프로그래머> JAVA|인터넷·IT·통신·모바일·게임>웹프로그래머>JSP|인터넷·IT·통신·모바일·게임>응용프로그래머> JAVA
https://kr.indeed.com/viewjob?jk=b1dbd1b3c1e13ca6,JAVA 개발자.,제이엔커리어 성남 분당구,,인원 [담당업무]* 채용분야 (1) JAVA개발자 (2) 웹프로그래머 (3... 실이 있을 경우 채용이 취소될 수 있습니다. 인터넷·IT·통신·모바일·게임>웹프로그래머> JAVA|인터넷·IT·통신·모바일·게임>응용프로그래머> JAVA
https://kr.indeed.com/viewjob?jk=310b07af501b8b5d,[경력] IT JAVA 시스템 개발 경력사원,휴먼스트리트 서울 성북구,"연봉 35,000,000원 - 40,000,000원","JAVA 시스템 개발 경력사원 모집 모집부문 및 자격요건 모집부문 담당업무 자격요건 인원 JAVA 개발 [담당업무] JAVA WEB 기반 통합정보... Java, JSP, 웹개발( JAVA), JAVA웹개발자, java개발자..."
https://kr.indeed.com/viewjob?jk=300a65d88cff4d66,IT연구소 헬스케어 SCM 웹솔루션 개발자,이지메디컴 서울 강남구,,인터넷·IT·통신·모바일·게임>전산·IT기술지원>유지보수|인터넷·IT·통신·모바일·게임>웹프로그래머> JAVA|인터넷·IT·통신·모바일·게임>웹프로그래머>웹개발|인터넷·IT·통신·모바일·게임>응용프로그래머>API
https://kr.indeed.com/viewjob?jk=cfa871765044598b,"신입 웹개발자(JAVA,JSP)",제스트씨엔에스 서울 구로구,,"[응용 프로그래밍] - C, C++, JAVA, 임베디드 개발 유경험자 - .NET... 또는 라이브러리 구축 가능자 [응용 프로그래밍] - C, C++, JAVA, 임베디드 개발 유경험자 - .NET 프레임워크에 대한 기반 지식 보유자..."
https://kr.indeed.com/viewjob?jk=35fec5f00fa1c113,(주)아이디컴퍼니 웹 프로그래머,아이디컴퍼니 인천 계양구,,"[웹프로그래밍] - jsp, java, ASP / PHP 개발 능숙자 - HTML, JavaScript, css 능숙자 - MS SQL, Oracle, MySQL 등 DBMS 설계 및 운영 가능자 - 웹, DB서버 구축 및..."
https://kr.indeed.com/viewjob?jk=1806287902a1a36e,[데이터센터] (경력/신입) 카카오 데이터센터 Data Scientist...,카카오 4.0 성남 판교역,,"가치로 변모할 수 있는 그 가능성에 집중합니다. 지원자격 필수사항 Go, Python, Scala, Java, C/C++ 중 하나 이상의 언어에 능숙하신 분 SQL 또는 HiveQL에 능숙하신 분 통계 / 머신러닝에..."
https://kr.indeed.com/viewjob?jk=2b09f13b5790dd69,2021년 한화시스템 방산부문 프로젝트/기간제 엔지니어 채용(상시),한화그룹 4.2 서울,,우대 요건] 무인기 GCS 개발 유경험자 SW시험/분석 도구 개발 유경험자 C/C++/C#/Python/ JAVA 프로그래밍 숙련자 0명 판교 한화인1:1문의하기 활용 지휘통제-SW 계약기간 : 입사 시 ~ 2024...
https://kr.indeed.com/viewjob?jk=83031de4d2eff71e,연구소 JAVA 개발자 경력직,로지포커스 서울 성동구,,"물류융합연구소 JAVA개발자 경력직 정규직 채용 모집부문 및 자격요건 담당업무 자격요건 인원 [담당업무]Back-end 개발자( java, python... 통신·모바일·게임>웹프로그래머> JAVA|인터넷·IT·통신·모바일·게임>웹프..."
https://kr.indeed.com/viewjob?jk=cb14ae2531cda126,JAVA 기반 웹프로그래머 (인천 서구 지역 출퇴근 가능하신 분),이액션 인천 서구,"연봉 40,000,000원 - 50,000,000원",(주)이액션 JAVA 기반 웹프로그래머 모집(인천 서구 지역 근무 가능하신 분) 모집부문 및 자격요건 담당업무 자격요건 인원 [담당업무]1) Java 기반 웹서버프로그램 유지보수 및 추가개발 업무> 전자정부프레임워크> Java...
https://kr.indeed.com/viewjob?jk=ceefb0cde80799ac,"솔루션 개발/유지보수/DBA, 챗봇개발/기획 정규직",한국클라우드 서울 금천구,,터넷·IT·통신·모바일·게임>빅데이터·AI(인공지능)>테스팅솔루션|인터넷·IT·통신·모바일·게임>응용프로그래머> JAVA|인터넷·IT·통신·모바일·게임>웹프로그래머>JSP|인터넷·IT·통신·모바일·게임>전산·IT기술지원>유지보...
https://kr.indeed.com/viewjob?jk=65e7b19d00a04c03,"미국계 소비재기업, IT 개발자(e-Commerce, 프론트앤드) , 과...",포커스에이치알 서울 강남구,,"development experience. Solid knowledge and hand on skills on Java, web site development using HTML5, JavaScript Framework..."
https://kr.indeed.com/viewjob?jk=7538ee39e962defd,2021년 정규직 개발자,팅스나인 서울 종로구,,있습니다. 인터넷·IT·통신·모바일·게임>웹프로그래머>웹개발|인터넷·IT·통신·모바일·게임>웹프로그래머> JAVA|인터넷·IT·통신·모바일·게임>응용프로그래머>Android|인터넷·IT·통신·모바일·게임>응용프로그래머>iOS...
https://kr.indeed.com/viewjob?jk=540d920355b6b86c,업무자동화시스템 웹개발자 모집,넷마블 서울 구로구,,"ERD 설계 가능자 - Java 개발, DB(mysql) 쿼리 작성 가능 - HTML, CSS, Javascript 개발 (개발) - 웹 개발 경력 5년 이상 (Back-end) - Java 개발, DB(mysql) 쿼리..."
https://kr.indeed.com/viewjob?jk=3190803dba63c314,동영상 데이터/비즈 플랫폼 서버 개발자 모집,카카오 4.0 성남 판교역,,"동영상 비즈 플랫폼 개발 동영상 광고 서버 개발 동영상 데이터 수집/분석 지원자격 기본 조건 Java 개발 경력 2년 이상 Spring Framework 기반 웹 애플리케이션 개발 경험 MySQL, MongoDB 등의..."
https://kr.indeed.com/viewjob?jk=54e0d08c99dcf507,MI(Market Intelligence)담당 마케팅 전략 경력사원,LG전자 3.8 서울 영등포구,,"적에 대하여 1개 이상 보유 4) 우대 사항 - 통계 분석 및 프로그래밍 언어 역량 보유: R, python, Java, SPSS, Tableau, etc. - 영어 능통 역량: 해외법인과 영어 화상 회의 및 현지 임직원과의..."
https://kr.indeed.com/viewjob?jk=a8ed05f8e54e62c2,(주)자바모바일 _ KT대리점 소사장님,자바모바일 인천 서구,,"담당업무 대형마트 내 KT소매매장 운영 모집인원 5명 근무형태 추후협의 급여사항 협의 후 결정 자격요건 성별 무관 나이 무관 학력 무관 경력 1년 상세모집내용 * 전화 문의 시 ""모비잡 채용정보 보고 전화드렸습니다."" 라고..."
https://kr.indeed.com/viewjob?jk=df87d33e4600ee01,자바 웹개발자 (백엔드 개발자),에이피서비스 서울 강남구,"연봉 50,000,000원 - 60,000,000원",(주)에이피서비스 JAVA WEB 개발자(백엔드)채용 모집부문 및 자격요건 담당업무 자격요건 인원 [담당업무] 중고차 매매 시스템 백엔드 개발 ( JAVA WEB... 취소될 수 있습니다. 인터넷·IT·통신·모바일·게임>응용프로그래머> JAVA
https://kr.indeed.com/viewjob?jk=a38d00971a5a50e8,카카오톡 안드로이드 클라이언트 개발자 모집,카카오 4.0 성남 판교역,,"라이언트 안드로이드 버전 개발 지원자격 ✔ 안드로이드 클라이언트 개발 #필요 기술셋 및 지원 자격 Java, Kotlin 신입 및 경력연차 무관 #우대사항 최신개발 동향에 관심이 많은 분 목표지향적인 사고와 실행..."
https://kr.indeed.com/viewjob?jk=5352cf066e6ae2cc,여행 좋아하는 경력직(4년 이상) 개발자,메리홀리데이 서울 강남구,,"협업을 위한 원활한 소통은 필수입니다. [어떤 사람을 우대하나요?] · 스타트업 경험자 · Node.js, JAVA/Spring Framework 등 백엔드 개발 경험자 · iOS 또는 하이브리드 앱개발 경험자 (xcode..."
https://kr.indeed.com/viewjob?jk=0fc07b37cb9e9787,웹개발 경력 정규직,소프트위드솔루션 서울 강남구,,"선임연구원, 책임연구원, 대리급, 과장급) - JSP / Jquery / Java / tomcat 기반의 웹 서비스 개발 - REST API 이해 및... 통신·모바일·게임>웹프로그래머> JAVA|인터넷·IT·통신·모바일·게임>웹프..."
https://kr.indeed.com/viewjob?jk=c0e0dfb0e7ae9f7f,연구센터 데이터 엔지니어 경력자,LG전자 3.8 서울특별시,,"Analysis/Modeling 등) . Unix/Linux 개발 환경에 익숙하고, Python 혹은 Java 등 프로그래밍 언어에 익숙 . GIT, BitBucket 기반 Source code management 경험..."
https://kr.indeed.com/viewjob?jk=5a040eb669eb48aa,[휴먼컨설팅그룹] e-HR 시스템 구축 (Java기반) 경력직,휴먼컨설팅그룹 성남 분당구,,"그룹] e-HR 시스템 구축 ( Java기반) 경력직 ㈜휴먼컨설팅그룹(HCG... 자격요건 담당업무 자격요건 인원 [담당업무] ㆍe-HR 시스템 구축 : Java기반 웹 개발 ㆍPL, PM : e-HR 솔루션 프로젝트 사업관리 및..."
https://kr.indeed.com/viewjob?jk=cc2d10430acc3342,웹개발 신입 /경력 정규직,디시젼 서울 종로구,"연봉 24,000,000원 - 35,000,000원",정규직 채용 모집부문 및 자격요건 담당업무 자격요건 인원 [담당업무]서비스 및 솔루션 개발 - .Net/ Java/ Spring/ Front 개발/ 시스템 개발/ 응용프로그램 등[근무부서 및 직급/직책]근무부서: 개발팀직급...
https://kr.indeed.com/viewjob?jk=4e9d2fac16efdf12,웹 개발자 수시,어큐진 인천 계양구,,담당업무 - Web application 개발 / DB 설계 및 운용 / API 개발 * 필수사항 1. JAVA 2. Spring framework 3. MySQL 4. Linux 서버 운용 * 우대사항 - RESTful...
https://kr.indeed.com/viewjob?jk=67b4b45ba3a82fd6,인공지능 대표기업 솔트룩스 각 부문 신입 및 경력사원,솔트룩스 서울 강남구,,"신휴가, 프로젝트 휴가 지원 * 동호회 지원 모집구분 ※ SC사업본부 JAVA 웹 개발자(과/차장), 0명 [담당업무 및 자격요건] * 경력 7년이... 및 개발 분야 [우대사항] * JAVA 사용 경험자 * 영어 능통자 우대..."
https://kr.indeed.com/viewjob?jk=138e05647829b0bd,웹개발자,에이치앤원 서울 서초구,"연봉 26,000,000원 - 28,000,000원","Python, ASP.NET, JAVA - DB : MS-SQL - 머신러... 직종) 콘텐츠.사이트운영디버깅 웹프로그래머웹프로그래머, ASP, JSP, JAVA, Servlet, CORBA, PHP, CGI, XML 산업별(업종..."
https://kr.indeed.com/viewjob?jk=be7e9594ca31c681,SK M&Service 웹/서버 개발 담당 경력 구성원 영입,SK M&Service 서울특별시,,"웹/서버 개발 및 운영 자격 요건 필수 웹/서버 개발 3년 이상 java(버전7 이상), Spring(버전3 이상), MyBatis, Java Script, Git(또는 SVN), jquery DB/SQL 이해 및..."
https://kr.indeed.com/viewjob?jk=b7a6f509f134b82e,웹프로그램 개발자,리턴트루 수원 권선구,"연봉 24,000,000원 - 35,000,000원",통신·모바일·게임>웹프로그래머> JAVA|인터넷·IT·통신·모바일·게임>웹프로그래머>웹개발|인터넷·IT·통신·모바일·게임>웹프로그래머>JSP|인터넷·IT·통신·모바일·게임>응용프로그래머> JAVA|인터넷·IT·통신·모바일·게임...
https://kr.indeed.com/viewjob?jk=f1309393b7b2246d,웹개발자 신입 및 병역특례,캐럿글로벌 서울 강남구,,그래머> JAVA|인터넷·IT·통신·모바일·게임>웹프로그래머>PHP |인터넷·IT·통신·모바일·게임>웹프로그래머>백엔드|인터넷·IT·통신·모바일·게임>웹프로그래머>프론트엔드|인터넷·IT·통신·모바일·게임>응용프로그래머> JAVA...
https://kr.indeed.com/viewjob?jk=2da33954a354326b,[싸이버원] 직무별 (정보보호/정보보안),싸이버원 서울 서초구,,"보안관제, 영업, 프로젝트 관리 및 물리진단, 개인정보보호, 인프라 진단, 모의해킹, 보안응용프로그램 개발, Java 웹 개발 / UI 개발 / 프론트엔드 개발, 솔루션 기획 우대사항 관련 자격증 보유자 커리어 양식 지원..."
https://kr.indeed.com/viewjob?jk=6222ccd51e1464f0,Application Architect,Amazon Web Services Korea LLC 서울,,"two or more... following languages: Java, JavaScript, C/C++, C#, Swift, Node.js... 애플리케이션 엔지니어링 경험 ( Java, JavaScript, C / C..."
https://kr.indeed.com/viewjob?jk=3d2a4dc66d0193c0,야놀자트래블 서버플랫폼 개발,야놀자트래블 서울 강남구,,"CodeIgniter) 개발 프레임웍 사용 경험 - Bootstrap 사용 경험 [우대사항] - 웹 Front 개발( java-script, Ajax, CSS) 기술 보유자 - 코드 분석이 뛰어난 분 - 원활한 커뮤니케이션이..."
https://kr.indeed.com/viewjob?jk=4a0c56570878c8aa,언리얼엔진 프로그래머 병역특례,슈퍼박스 서울 구로구,"연봉 21,870,000원 - 25,000,000원","[응용 프로그래밍] - C, C++, JAVA, 임베디드 개발 유경험자 - .NET 프레임워크에 대한 기반 지식 보유자 - 네트워크 프로그래밍에 대한 경험자 - DB 설계 및 DBMS(MS-SQL, MySQL, ORACLE)에..."
https://kr.indeed.com/viewjob?jk=33378179812cc256,"JAVA, Unix 경력 정규직",창우컴즈 서울 종로구,"연봉 40,000,000원 - 50,000,000원","(주)창우컴즈 JAVA, Unix 경력 정규직 채용 모집부문 및 자격요건... 있을 경우 채용이 취소될 수 있습니다. 인터넷·IT·통신·모바일·게임>응용프로그래머> JAVA|인터넷·IT·통신·모바일·게임>응용프로그래머>Unix"
https://kr.indeed.com/viewjob?jk=1777e605b7d9d1c5,국내 대기업 계열사 - Java기반 웹개발 경력자(과장-부장),라피플코리아리미티드 서울,,- 관련경력 7년~15년 - java 기반 웹개발 경력자 - java Spring... 담당업무] - Java 기반 웹개발 [자격요건] - 관련경력 7년~15년 - java 기반 웹개발 경력자 - java Spring Boot 경험자...
https://kr.indeed.com/viewjob?jk=7be13aae12746c81,JAVA 경력 계약직,의료법인 나래의료재단 나래의원 안양 동안구,,"인원 EMR, CRM, ERP시스템 개발 및 유지보수 [현재기술스택] java, spring, jpa, jquery, handblebar.js, vue... 됩니다.[자격요건] 인터넷·IT·통신·모바일·게임>응용프로그래머> JAVA"
https://kr.indeed.com/viewjob?jk=31c8ae4a133b5147,SW(모바일앱 및 웹개발) 신입/경력 정규직 개발자,더조인 서울 강남구,,수 있습니다. 인터넷·IT·통신·모바일·게임>웹프로그래머>JSP|인터넷·IT·통신·모바일·게임>웹프로그래머> JAVA|인터넷·IT·통신·모바일·게임>웹프로그래머>AJAX|인터넷·IT·통신·모바일·게임>웹프로그래머>백엔드|인터넷...
https://kr.indeed.com/viewjob?jk=314cb11dce58741e,서버 웹 애플리케이션 개발,픽셀로 경기도 의왕,,"없음.비젼이 있는 회사 서버 웹 애플리케이션 개발... Web Application Server) 개발 - Java/Spring, Html/css/Node.js/javascript - RDBMS - Mobile app..."
https://kr.indeed.com/viewjob?jk=d27d0c327c3cd635,개발팀 및 기술지원팀 신입사원,Unitech Infocom 서울 금천구,"월급 1,822,480원","기타 희망내용] JAVA, JSP 6개월 학원 수강 이수자 지원 가능""청년디지털일자리사업 ""참여 가능자 우대필요시 간단한 JAVA 테스트 진행실업급여... 통신·모바일·게임>응용프로그래머> JAVA|인터넷·IT·통신·모바일·게임..."
https://kr.indeed.com/viewjob?jk=09e37afaced8a278,(경력직) Java 개발자 정규직,인사이트온 서울 강남구,"연봉 44,000,000원 - 46,000,000원","지원자격 경력 신입·경력 학력 - 성별 무관 기타 담당업무 대기업 시스템 소프트웨어 개발 Java 개발 상세모집요강 접수기간/방법 지원방법 전형절차 및 제출서류 제출서류 이력서에 응시분야, 연락처, 희망연봉 기재 직무..."
https://kr.indeed.com/viewjob?jk=f8e57bb7e45a66b6,[경력] Java 웹개발 정규직,가온아이 서울 강남구,,가온아이 [경력] Java 웹개발 정규직 모집합니다. 모집부문 및 자격요건 모집분야 담당업무 자격요건 경력 Java 웹 개발자 그룹웨어 응용프로그램... 통신·모바일·게임>웹프로그래머> JAVA|인터넷·IT·통신·모바일·게임>웹프...
https://kr.indeed.com/viewjob?jk=b25baa813b3549cb,웹개발 경력인재 - 코스닥상장 우량회사,에스에프인촌 서울 구로구,,바일·게임>웹프로그래머>JSP|인터넷·IT·통신·모바일·게임>웹프로그래머> JAVA|인터넷·IT·통신·모바일·게임>웹프로그래머>백엔드|인터넷·IT·통신... 통신·모바일·게임>응용프로그래머> JAVA|인터넷·IT·통신·모바일·게임...
https://kr.indeed.com/viewjob?jk=67eec205755fed03,본사 기후변화대응처 온실가스정보팀 기간제근로자 직원,한국환경공단 3.5 대한민국,,"인정하는 자 다. 전산 및 컴퓨터 정보처리 관련 학과 전공자, 환경 및 화학공학 전공자 ※ 전산 전공자는 Java, Oracle 등 관련 경험자 또는 자격증 소지자 우대(보유시 근거자료 제출) 라. 채용 즉시 근무 가능..."
https://kr.indeed.com/viewjob?jk=576e9f1563782811,[창업기업 청년일자리 지원사업 참여기업] 자바스크립트 및 파이썬 기반 웹...,담다디 인천 연수구,"연봉 30,000,000원","모집직종, 모집인원, 학력, 전공, 고용형태, 근무예정지, 인근지하철, 직무내용, 경력조건, 필요경력, 자격면허, 병역, 병역특례, 외국어 능력, 컴퓨터 활용, 채용가능 장애유형, 장려금 지급 대상자 채용희망 등 구인정보..."
https://kr.indeed.com/viewjob?jk=50bd31dea8a2650c,(주) 시소 경력직 인성갑 개발자,시소 서울 마포구,,인터넷·IT·통신·모바일·게임>웹프로그래머>웹개발|인터넷·IT·통신·모바일·게임>웹프로그래머>PHP |인터넷·IT·통신·모바일·게임>웹프로그래머> JAVA
https://kr.indeed.com/viewjob?jk=369dd183cd6592b2,원장개발자,토스증권 대한민국,,받아들일 수 있는 분이면 더 좋습니다. - 증권회사에서 대형 프로젝트 경험이 있는 분이면 더 좋습니다. - Java Spring Framework를 이용한 서버 프로그램 개발 경험이 있으면 더 좋습니다. <꼭 확인해주세요...
https://kr.indeed.com/viewjob?jk=51523004fca1b290,"안드로이드 개발, 웹서버 개발 신입/경력 정규직",시내&들 서울 송파구,,인터넷·IT·통신·모바일·게임>응용프로그래머> JAVA|인터넷·IT·통신·모바일·게임>응용프로그래머>Android|인터넷·IT·통신·모바일·게임>응용프로그래머>자바스크립트|인터넷·IT·통신·모바일·게임>웹프로그래머>PHP...
https://kr.indeed.com/viewjob?jk=ed85539283c06f72,"IT개발 경력직 정규직 (JAVA,JSP,ORACLE)",가인정보처리 서울 종로구,"연봉 38,000,000원","모집직종, 모집인원, 학력, 전공, 고용형태, 근무예정지, 인근지하철, 직무내용, 경력조건, 필요경력, 자격면허, 병역, 병역특례, 외국어 능력, 컴퓨터 활용, 채용가능 장애유형, 장려금 지급 대상자 채용희망 등 구인정보..."
https://kr.indeed.com/viewjob?jk=e68fb7266d303968,Machine Learning 개발자 정규직(경력사원) 모집,GS건설 3.4 서울 종로구,,"관련 분야 우대) 2) Machine Learning 관련 기술 및 경험 보유 3) 프로그램 개발(C/C++, Java, Python, etc.) 기술 보유 4) AWS 혹은 기타 클라우드 플랫폼에 대한 경험과 지식 보유 5..."
https://kr.indeed.com/viewjob?jk=34aa73444326ccb4,[기술부문/QA] 티맥스그룹 2021년 상반기 특별 (신입 및 경력),티맥스소프트 성남 분당구,,"대한 이해도 보유자 ㆍ 관련 전공자 우대 ㆍ 관련 교육 또는 업무 유경험자 우대 [상세] ㆍ 보유기술: Java, python, RDB, NoSQL, OS(linux), Selenium, docker, Kubernetis..."
https://kr.indeed.com/viewjob?jk=562bef0c869dbefd,[기술부문/기술지원 엔지니어] 티맥스그룹 2021년 상반기 특별,티맥스소프트 성남 분당구,,"학사) 이상 기졸업 또는 졸업 예정이신 분 ㆍ 경력의 경우 해당 경력 2년 이상인 분 [상세] ㆍ C/ Java, Java-script 기반의 프로젝트 개발 경험자 ㆍ 프레임워크, 인터페이스(FEP, EAI, MCI) 기반..."
https://kr.indeed.com/viewjob?jk=bdf0f9cf40643a30,JAVA 개발자,더유니파이 서울 금천구,,(주)더유니파이 JAVA 개발자 채용 모집부문 및 자격요건 담당업무자격요건인원 [담당업무] JAVA & Web 개발 [자격요건]* 경력사항 : 신입... 통신·모바일·게임>응용프로그래머> JAVA|인터넷·IT·통신·모바일·게임...
https://kr.indeed.com/viewjob?jk=e3263c09ba8da9ce,플랫폼 개발 및 운영인력,팜킷 세종특별자치시,,"[웹프로그래밍] - jsp, java, ASP / PHP 개발 능숙자 - HTML, JavaScript, css 능숙자 - MS SQL, Oracle, MySQL 등 DBMS 설계 및 운영 가능자 - 웹, DB서버 구축 및..."
https://kr.indeed.com/viewjob?jk=8e5f8b2ca8ad6a85,[오픈멤버] 백엔드(JAVA) 경력 정규직,스너그스튜디오 서울 강남구,"연봉 45,000,000원 - 65,000,000원",(주)스너그스튜디오 [오픈멤버채용] 백엔드( JAVA) 개발자 모집 (주)스너그스튜디... 있습니다! 많은 지원 부탁드립니다 :D 모집부문 및 자격요건 담당업무 ㆍ JAVA 기반의 웹서비스 개발 및 운영 ㆍAWS 클라우드 기반의 웹서비스 운영...
https://kr.indeed.com/viewjob?jk=232d303badc95396,JAVA 경력 정규직,브라이트컨설팅 과천 과천시,,"브라이트컨설팅 JAVA 경력 정규직 채용 모집부문 및 자격요건 담당업무... 프로젝트 설계 및 개발 수행 [관련경력 5년 이상] [필수/우대사항] (필수) Java, JSP, Spring Framework (3년 이상) (필수..."
https://kr.indeed.com/viewjob?jk=edc6e7f0577700a0,"JAVA, JSP 외 경력 정규직",콜라비 서울 금천구,,JAVA|인터넷·IT·통신·모바일·게임>웹프로그래머>JSP|인터넷·IT·통신·모바일·게임>웹프로그래머>Servlet|인터넷·IT·통신·모바일·게임>웹프로그래머>AJAX|인터넷·IT·통신·모바일·게임>응용프로그래머> JAVA...
https://kr.indeed.com/viewjob?jk=2e076dbc3e3352db,[개발자 단독 사무실 제공] PHP 개발자 / 안드로이드 앱 개발자 /웹...,더퍼스트인베스트먼트 서울 금천구,,게임>웹프로그래머>PHP |인터넷·IT·통신·모바일·게임>웹프로그래머> JAVA|인터넷·IT·통신·모바일·게임>웹프로그래머>프론트엔드|인터넷·IT·통신... 통신·모바일·게임>응용프로그래머> JAVA|인터넷·IT·통신·모바일·게임...
https://kr.indeed.com/viewjob?jk=b6e8d8a562f8ed54,IT부문 신입/경력직원,유안타증권 대한민국,,"해당분야 대리/과장급 경력자(경력 3년 이상) · 파생상품 업무 이해 능력을 보유한 자 · Pro*c, java, jsp, PL/SQL 사용 능력을 보유한 자 · CFD(차액결제 시스템) 유경험자 우대 · IT관련 전공자 및..."
https://kr.indeed.com/viewjob?jk=93596c684023eea6,[서울지사][던파모바일2D] 웹개발자,네오플 제주도,,긍정적인 협업 태도와 업무에 열정을 가지신 분 우대사항 - 게임 로그 데이터 처리 경험 - Node.js/ Java를 이용한 웹서버개발 실무 경험을 보유하신 분 기타사항 ※ 본 채용은 네오플 서울지사로 입사를 희망하는 인원...
https://kr.indeed.com/viewjob?jk=cafdf5d02c1453ae,WINDOW ASP MSSQL JAVA 개발자 모집,웰브릿지 서울 서초구,"연봉 55,000,000원 - 60,000,000원",사원수 80명 회사주소 서울특별시 서초구 서초대로56길 34 202호 웰브릿지 WINDOW ASP MSSQL JAVA 개발자 모집 모집부문 및 자격요건 모집부문 담당업무 자격요건 우대조건 구분 : [미입력] 채용직급 : 면접...
https://kr.indeed.com/viewjob?jk=41a3c612bb095e66,"경력직원 수시 (IT본부, 대체투자본부)",KIS채권평가 대한민국,,을 이용한 API 개발 및 운영 -Django(Python)으로 개발된 시스템 운영 *필요 직무 능력: 1. Java 2. Spring Boot(Spring Framework)을 이용한 개발 경험 3. DB(Oracle...
https://kr.indeed.com/viewjob?jk=e4e15edf1b824d23,"INFA 대출인바운드 상담 , 프로그램개발자c++상 java상 경력 외...",드림파트너스 서울 노원구,,제목 회사소개 근무조건 근무지 : 서울 > 노원구 > 의정부 근무요일 : 주5일 근무시간 : 09시 00분 ~ 18시 30분 급여 : 평균 300만원이상 (기본급+인센티브)/개발자 통계가능자(경력직) 급여 : 평균400만원이...
https://kr.indeed.com/viewjob?jk=5f3fbbcdfba8965a,JT친애저축은행 [업무개발자] 경력직원,JT친애저축은행 서울,,선임 / 일반 공통 - JAVA / JSP (프레임워크(spring) 및 솔루션 기반) 금융 여/수신 업무 개발 [자격요건]· 선임 개발자 : 경력 7년 이상· 일반 개발자 : 경력 3년 이상· JAVA / JSP 사용 개발...
https://kr.indeed.com/viewjob?jk=534cf1c58be224ca,[해외취업] 현대·기아 협력사 IT부문 인턴사원,사이다링크 서울 논현동,"연봉 37,250,000원","Social media advertising, management - HTML , CSS , JAVA , JAVASCRIPT , MS OFFICE - U.S. Driver's license 그 외 자격요건..."
https://kr.indeed.com/viewjob?jk=62cbe15e35cc7fab,[내일애-2차 청년스타트업] (주)로킷헬스케어 해외BD/Bio연구/Sof...,로킷헬스케어 서울 금천구,,"생물학 관련 전공, 석사 우대 3) Software개발 : Windows 어플리케이션 개발 경험자/ C#, JAVA,파이썬등 프로그래밍 언어 능숙자 4) 유전자분석 : Cell CULTURE, DNA/.RNA prep..."
https://kr.indeed.com/viewjob?jk=20f93a3228ce0984,[FAVIS] S/W개발 (FA머신비전) 엔지니어 정규직 신입,파비스 서울 금천구,"연봉 28,000,000원 - 29,000,000원",비희망 [기타 우대내용] 해외여행 및 지방근무 결격사유가 없는 자 인터넷·IT·통신·모바일·게임>응용프로그래머>C·C++|인터넷·IT·통신·모바일·게임>응용프로그래머> JAVA|인터넷·IT·통신·모바일·게임>응용프로그래머>C#
https://kr.indeed.com/viewjob?jk=a2239ac86e15b7cc,[AI와 블록체인] 보안기술연구원,시큐어링크 서울 구로구,,있습니다. 인터넷·IT·통신·모바일·게임>응용프로그래머>C·C++|인터넷·IT·통신·모바일·게임>응용프로그래머> JAVA|인터넷·IT·통신·모바일·게임>응용프로그래머>Android|인터넷·IT·통신·모바일·게임>응용프로그래머...
https://kr.indeed.com/viewjob?jk=4e647eebcae04884,[신입/경력] 안드로이드 앱 개발자,파인헬스케어 서울 성동구,,ㆍ경력 : 상용업체 경력 1년이상우대사항ㆍ컴퓨터공학 유관학과 전공자ㆍAndroid 플랫폼에 대한 높은 이해도ㆍ Java/Kotlin 개발가능ㆍReact Native/Flutter 등 크로스 앱 개발 가능ㆍNDK 개발 경험ㆍ모바...
https://kr.indeed.com/viewjob?jk=1ffb05e65fe7bc13,BI 분야 PM / PL / 개발직,비아이매트릭스 서울,,"력자(개발이 가능한 IT컨설턴트) - JAVA/JSP, javascript, VB, VBA 등 개발자 ( JAVA/JSP 등 프로그래밍 가능자 및 VB... JAVA/JSP, javascript, VB, VBA 등 개발자 ( JAVA..."
https://kr.indeed.com/viewjob?jk=fb5abc0e80ec2f65,한국공장 IT엔지니어 경력사원,한화솔루션 충청북도 진천,,기술·화학·연구개발>전자·반도체>반도체|인터넷·IT·통신·모바일·게임>응용프로그래머>C#|인터넷·IT·통신·모바일·게임>응용프로그래머> JAVA|인터넷·IT·통신·모바일·게임>네트워크·서버·보안>Windows계열 서버운영·관리
https://kr.indeed.com/viewjob?jk=89629be6c1a169a2,java 프로그램 개발자(신입),한울아이씨티 서울 종로구,"연봉 25,000,000원","외국어 능력, 컴퓨터 활용, 채용가능 장애유형, 장려금 지급 대상자 채용희망 등 구인정보 상세 확인 모집직종 JAVA 프로그래밍 언어 전문가 모집인원 5명 학력 대학_대학교 전공 전산학·컴퓨터공학 고용형태 상용직 근무예정지..."
https://kr.indeed.com/viewjob?jk=cdc691cace5e9b21,"WEB개발(JAVA, JSP) 경력 정규직, 프리랜서",에이앤티솔루션 성남 분당구,,"0명모집영역 : - WEB개발자( JAVA, JSP): 0명(경력:3년 이상... 채용이 취소될 수 있습니다. 인터넷·IT·통신·모바일·게임>웹프로그래머> JAVA|인터넷·IT·통신·모바일·게임>웹프로그래머>JSP|인터넷·IT·통신..."
https://kr.indeed.com/viewjob?jk=216f5b68bd2932ac,정규직 개발자1명과 실무자1명,제노테크 광주 광산구,,[응용 프로그래밍] - JAVA 개발 - 응용프로그램 개발 - DB 설계 및... 및 자격요건 담당업무 자격요건 인원 [담당업무] [응용 프로그래밍] - JAVA 개발 - 응용프로그램 개발 - DB 설계 및 컨텐츠 개발 - 프레임워...
https://kr.indeed.com/viewjob?jk=143311442bd55ffa,"에이아이더뉴트리진 AI사업부(역삼역) [ 보충역 iOS, Spring 백...",에이아이더뉴트리진서울사무소 서울 강남구,"연봉 25,000,000원 - 30,000,000원","[웹프로그래밍] - jsp, java, ASP / PHP 개발 능숙자 - HTML, JavaScript, css 능숙자 - MS SQL, Oracle, MySQL 등 DBMS 설계 및 운영 가능자 - 웹, DB서버 구축 및..."
https://kr.indeed.com/viewjob?jk=2877c86e190844ed,웹(WEB)/자바(JAVA) 개발 및 운영담당자 [신입/경력 ],기웅정보통신 서울 금천구,,기웅정보통신(주) 웹(WEB)/자바( JAVA) 개발 및 운영담당자 [신입/경력 채용] 모집부문 및 자격요건 담당업무 자격요건 인원 [담당업무]자사 전자증빙 서비스 기능 개발/개선/장애대응[근무부서 및 직급/직책]근무부서...
https://kr.indeed.com/viewjob?jk=3841ef26345e1c99,"JAVA, 웹개발 경력 정규직, 계약직, 프리랜서 - 외국계 금융회사 개...",씨앤노마드 서울 중구,"연봉 60,000,000원 - 70,000,000원","금융회사 운영 경험자 주식회사 씨앤노마드 JAVA, 웹개발 경력 정규직, 계약직... 정보- DB: oracle- WEB: WebToB... jeus- java, spring framework, Mybatis, ax5ui (ax5..."
https://kr.indeed.com/viewjob?jk=8d9886b30bd6638f,Application(앱) 개발자 정규직(경력사원) 모집,GS건설 3.4 서울 종로구,,"자격요건 1. 정규 4년제 대학졸업자 (전공 무관) 2. 프로그램 개발 기술 보유 (Python, C/C++, Java, Kotlin, Swift, Javascrip 등) 3. App.개발(Android 및 iOS), Web..."
https://kr.indeed.com/viewjob?jk=d917ed88ea21fd17,[ 아이콘트롤스 ] 2020년 경력 직원 (기술연구소) 연구개발부문,HDC아이콘트롤스 성남 분당구,,"이상 - 프로그램 개발(Python, Java) 능력 보유 - 대용량 데이... 대한 유경험자 우대 -Android Native App 개발역량 보유 - JAVA, Kotlin 을 활용한 상용화 개발 역량 (AWS 유경험자 우대..."
https://kr.indeed.com/viewjob?jk=241ae1e7499c461c,Security Engineer (모의해킹/취약점 점검),Toss 서울 강남구,,"킹대회 우승 경력이 있는 분 - 다양한 플랫폼 보안 진단 경험이 있는 분 - Python, C, C++, C#, JAVA 중 프로그래밍 언어에 능숙 하신 분 # 현업 인터뷰 - 결제 산업의 미래, 토스가 새롭게 만들어 갑니다"
https://kr.indeed.com/viewjob?jk=8808280281200007,한국공장 IT엔지니어 경력사원 채용,한화그룹 4.2 서울,,"및 조치 - 유관 업무 5년~8년 경력자 - 반도체, 태양광 등 하이테크 산업 경험자 - C# 및 Java 개발 중급 이상 - SECS 또는 PLC Driver 통신 개발 경험자 - TIBCO Rendezvous..."
https://kr.indeed.com/viewjob?jk=88898239e74f518a,"[웹개발(Java/JSP) 개발 경력직], [IT 웹기획 경력자 (대리급...",케이투웹테크 강원도 원주,,인터넷·IT·통신·모바일·게임>웹프로그래머>웹개발|인터넷·IT·통신·모바일·게임>웹프로그래머> JAVA
https://kr.indeed.com/viewjob?jk=89c576b4895e33f6,KT (주)자바모바일 소사장님,자바모바일 인천 계양구,,"담당업무 매장운영 모집인원 명 근무형태 추후협의 급여사항 협의 후 결정 자격요건 성별 무관 나이 무관 학력 무관 경력 1년 상세모집내용 * 전화 문의 시 ""모비잡 채용정보 보고 전화드렸습니다."" 라고 말씀해주세요. 접수기..."
https://kr.indeed.com/viewjob?jk=1777e605b7d9d1c5,국내 대기업 계열사 - Java기반 웹개발 경력자(과장-부장),라피플코리아리미티드 서울,,- 관련경력 7년~15년 - java 기반 웹개발 경력자 - java Spring... 담당업무] - Java 기반 웹개발 [자격요건] - 관련경력 7년~15년 - java 기반 웹개발 경력자 - java Spring Boot 경험자...
https://kr.indeed.com/viewjob?jk=d4562aa0d1d7c09d,[정규직] 제조(Hi-Tech) 품질/장비 개발전문가,SK 씨앤씨 4.0 서울,,"스템 표준화 및 PI(Process Innovation)업무, 관련 솔루션 또는 시스템 개발/운영 - C#, JAVA 개발경험 5년 이상 / DB 모델링 1. 채용분야 경력 최소 3년 이상인자 2. 남자는 병역필 또는 면제..."
https://kr.indeed.com/viewjob?jk=5cb8b6806a9b5a63,[(주)프리뉴] 소프트웨어 개발 경력직,프리뉴 안산 단원구,,"직급/직책: 전임연구원, 선임연구원 [자격요건]- C/C++, C#, Java 언어중 하나 이상 가능자- 네트워크, 멀티쓰레드, 비동기 IO 개발... 통신·모바일·게임>응용프로그래머> JAVA|인터넷·IT·통신·모바일·게임..."
https://kr.indeed.com/viewjob?jk=4123876dfea9b710,윈도우 응용소프트웨어 개발외 각 부문,씨케이다 서울 금천구,,"전공 : 컴퓨터 공학 관련학과 필수요건 - ASP, JSP, PHP, Java, MySQL, Javascript 개발가능자 - 소프트웨어공학 실무우대... 통신·모바일·게임>웹프로그래머> JAVA|마케팅·광고·홍보·조사>마케팅>해외마케팅"
https://kr.indeed.com/viewjob?jk=5f3fbbcdfba8965a,JT친애저축은행 [업무개발자] 경력직원,JT친애저축은행 서울,,선임 / 일반 공통 - JAVA / JSP (프레임워크(spring) 및 솔루션 기반) 금융 여/수신 업무 개발 [자격요건]· 선임 개발자 : 경력 7년 이상· 일반 개발자 : 경력 3년 이상· JAVA / JSP 사용 개발...
https://kr.indeed.com/viewjob?jk=b86da88c2546f564,"Software Engineer, University Graduate",Google 4.3 서울,,"purpose programming languages, including... limited to: Java, C/C++, Python, JavaScript, or Go. Experience working..."
https://kr.indeed.com/viewjob?jk=5dff558bea05fb35,클라우드 아키텍트,Nexon 성남 분당구,,"Cloud 기반 상용 솔루션/서비스 Workload 최적화 및 Architecture 개선 경험 - Java, C/C++ 등 프로그래밍 역량 및 상용 솔루션/서비스 프로그램 개발 경험 우대사항 - 학력/전공: 학사 이상..."
https://kr.indeed.com/viewjob?jk=089931931a0474d5,소형전지사업부/기술혁신센터,삼성SDI 3.9 충청남도 천안,,"OHT 등) 천안 전공분야 - 컴퓨터/시스템 전자/전기 기계/산공 전문지식 - Java, C#, C++, Python - Oracle (PL/SQL) - Automod, VisualComponent..."
https://kr.indeed.com/viewjob?jk=2f1ee32a9dbceab0,배달의민족 사장님 대상 셀프서비스 서버 개발자,우아한 형제들 서울 송파구,,"지원자격] - 웹 어플리케이션 개발, 운영 경력 3년 이상이신 분(또는 그에 준하는 역량을 갖추신 분) - JAVA에 익숙하고, 그 외 언어(1개 이상)를 습득하신 분 - Spring 프레임웍(Spring Boot)을 이용한..."
https://kr.indeed.com/viewjob?jk=e88ae6e6999baee8,통신사 미디어 정산서비스 자동화 개발자 (java개발자),스퀘어네트 성남 분당구,,"우대사항] * 이동통신사 프로젝트 수행 경험자 스퀘어네트(주) JAVA, JAVA 경력 정규직 채용 모집부문 및 자격요건 담당업무 자격요건 인원... 웹프로그래머> JAVA|인터넷·IT·통신·모바일·게임>응용프로그래머> JAVA"
https://kr.indeed.com/viewjob?jk=3de0908753fc937b,삼성생명 IFRS 개발 및 운영,벨텍소프트 서울 강남구,,"사항: 경력(5년 이상 )학력사항: 학력무관직무기술: AA, DBA, JAVA개발 0 명 근무조건 고용형태: 계약직(근무기간 9개월), 프리랜서(근무... 통신·모바일·게임>웹프로그래머> JAVA|인터넷·IT·통신·모바일·게임>데이..."
https://kr.indeed.com/viewjob?jk=acefcdfbf995f667,[EY컨설팅] 컨설팅본부 코리아솔루션 인턴 모집,Ernst & Young 4.0 대한민국,,"운영 (RPA, Chatbot, AI 등) * 지원자격 - 응용 프로그램 설계 / 개발 / 운영 ( JAVA, C# 등) 가능자 - 디지털 솔루션 구축 / 운영 (RPA, Chatbot, AI 등) 가능자 - 대학 졸업..."
https://kr.indeed.com/viewjob?jk=ae341f1189b7b367,[내일애-2차 청년스타트업] 이크레모스 화성본사 웹개발자,이크레모스 경기도 화성,,"[우대사항] - 해당 업무 경력자 - jsp, java, ASP / PHP 개발 능숙자 - HTML, JavaScript, css 능숙자 - MS SQL, Oracle, MySQL 등 DBMS 설계 및 운영 가능자 - 웹..."
https://kr.indeed.com/viewjob?jk=f95cf22ffb0e400e,"C#, JAVA 개발자",마인정보기술 서울 서초구,,취소될 수 있습니다. 인터넷·IT·통신·모바일·게임>응용프로그래머> JAVA|인터넷·IT·통신·모바일·게임>응용프로그래머>.NET|인터넷·IT·통신... 웹프로그래머>JSP|인터넷·IT·통신·모바일·게임>웹프로그래머> JAVA
https://kr.indeed.com/viewjob?jk=1d15e5adc115c979,서비스 개발 및 운영 관리,아이엠비디엑스 서울 금천구,,"사용 기술linux, centos, pycharm, spring boot, java, jquery, apache http server, mariadb... 경험자Python, django, Java 및 framework 개발 경험..."
https://kr.indeed.com/viewjob?jk=40767ef4620ad53d,웹 개발자,도프네트웍 인천 연수구,"연봉 24,000,000원","모집직종, 모집인원, 학력, 전공, 고용형태, 근무예정지, 인근지하철, 직무내용, 경력조건, 필요경력, 자격면허, 병역, 병역특례, 외국어 능력, 컴퓨터 활용, 채용가능 장애유형, 장려금 지급 대상자 채용희망 등 구인정보..."
https://kr.indeed.com/viewjob?jk=78353e688ba8a77c,소프트웨어 개발자 신입/경력,핸디소프트 안양 동안구,,신입/경력 채용 인터넷·IT·통신·모바일·게임>웹프로그래머>백엔드|인터넷·IT·통신·모바일·게임>웹프로그래머> JAVA|인터넷·IT·통신·모바일·게임>ERP·시스템분석·설계>AWS|인터넷·IT·통신·모바일·게임>응용프로그래머>클라우드
https://kr.indeed.com/viewjob?jk=977c34e096023e2a,개발열정 가득한 C# / JAVA 개발자,피어라인 군포 산본동,,"멀티미디어 SW (팟플레이어, 곰인코더 등) 개발 역량 확보 가능 * 개발 환경 Flexible * C# 또는 JAVA 언어 필수 * DBMS(MySQL 또는 Oracle) 경험 및 이해도 * C++ 언어 우대 * WEB..."
https://kr.indeed.com/viewjob?jk=67ba3a5286bf7cd4,리액트 개발자 (신입),스플릿 서울 금천구,,"[웹프로그래밍] - jsp, java, ASP / PHP 개발 능숙자 - HTML, JavaScript, css 능숙자 - MS SQL, Oracle, MySQL 등 DBMS 설계 및 운영 가능자 - 웹, DB서버 구축 및..."
https://kr.indeed.com/viewjob?jk=802190804428af81,(주)자바모바일 _ KT대리점 소사장 및 직원,자바모바일 인천 서구,,"담당업무 대형마트 내 KT소매매장 운영 모집인원 5명 근무형태 추후협의 급여사항 협의 후 결정 자격요건 성별 무관 나이 무관 학력 무관 경력 1년 상세모집내용 * 전화 문의 시 ""모비잡 채용정보 보고 전화드렸습니다."" 라고..."
https://kr.indeed.com/viewjob?jk=9adbc290202846e1,[아이브릭스] 기업부설연구소 전문연구요원,아이브릭스 성남 분당구,,인터넷·IT·통신·모바일·게임>응용프로그래머>머신러닝(ML)|인터넷·IT·통신·모바일·게임>응용프로그래머> JAVA|인터넷·IT·통신·모바일·게임>응용프로그래머>자바스크립트|인터넷·IT·통신·모바일·게임>빅데이터·AI(인공지능...
https://kr.indeed.com/viewjob?jk=19b93db9fb547677,시크릿차트와 함께할 개발자,시크릿차트 서울 강남구,,요한 현 시점에서 당신이 꼭 필요합니다. Ios / Android / java / php / jQuery / MySQL / Redis / nginx... 있습니다. Ios / Android / java / PHP / jQuery...
https://kr.indeed.com/viewjob?jk=60c16fae444cf985,자바 Java 경력10년 이상 개발자 프로그래머,스마트컨버전스 수원 영통구,,"자바 Java 경력10년 이상 개발자 프로그래머 모집부문 및 자격요건 담당업무 자격요건 인원 [담당업무] JSP, JQUERY, Java script... JAVASCRIPT, 자바, JAVA, JQUERY [우대사항] 전공계열..."
https://kr.indeed.com/viewjob?jk=57bffe2e297646f8,"(주)데이타뱅크시스템즈 신입, 경력직",데이타뱅크시스템즈 대구 남구,,"[웹프로그래밍] - jsp, java, ASP / PHP 개발 능숙자... 가능자 - 웹, DB서버 구축 및 유지 가능자 [웹프로그래밍] - jsp, java, ASP / PHP 개발 능숙자 - HTML, JavaScript..."
https://kr.indeed.com/viewjob?jk=25dff5df03f977fc,IT 품질관리 경력사원 채용,한화그룹 4.2 서울,,"험자 [우대요건] DDD, MSA, Agile 경험자 우대 CBD기반 모델링도구 커스터마이징 가능 인력 우대 Java 개발 경험자(3년 이상) 우대 0명 서울 여의도 '1:1 문의하기' 등록 응시 자격 해외 여행에 결격사..."
https://kr.indeed.com/viewjob?jk=e6e3a5effcabf894,TOAST CAM 개발자,NHN 4.4 성남 판교역,,서버 개발] Job Description 자격요건 우대사항 - Java 스프링 프레임워크 기반 서버 개발 - 분산/대용량 서비스 구축/운영 - Java 개발 경력 5년 이상 - 분산/대용량 처리 기술 보유자...
https://kr.indeed.com/viewjob?jk=4ec305f59ce64060,게임이상탐지 분석/개발,Nexon 성남 분당구,,"선택) DB 활용 및 대시보드 개발 능력 솔루션 개발자 - 한 가지 이상의 개발 언어(Python, Java, Scala)에 숙련된 프로그래밍 능력 - Linux 환경에서의 개발 능력 - 빅데이터 분석 플랫폼 기반의..."
https://kr.indeed.com/viewjob?jk=9ad69908bff20bbe,JAVA 경력 계약직,이에스소프트 서울 금천구,"연봉 30,000,000원 - 35,000,000원","(주)이에스소프트 JAVA 경력 계약직 채용 모집부문 및 자격요건 담당업무 자격요건 인원 [담당업무]증권회사 고객맞춤서비스 개발, 증권업무 경력 불필요... 취소될 수 있습니다. 인터넷·IT·통신·모바일·게임>웹프로그래머> JAVA"
https://kr.indeed.com/viewjob?jk=7f9954e4382f47b0,프론트엔드 개발자,우리사이 서울 성수동2가,,Cordova 및 기타 하이브리드앱 개발 경험 - Web Application 설계 및 개발 경험 - Java Spring 개발 경험 - 애자일한 근무환경으로 디자이너와 원활한 코웍우대사항 <근무환경> 장소 : 성수 종합...
https://kr.indeed.com/viewjob?jk=9da55c142bcdebd5,(국내 최고회사) Front End 개발자,인코리아 프로페셔널 성남 분당구,,있으신 분학력사항: 대학교(4년)졸업 0 명 인터넷·IT·통신·모바일·게임>웹프로그래머>HTML·DHTML·mHTML|인터넷·IT·통신·모바일·게임>웹프로그래머> JAVA|인터넷·IT·통신·모바일·게임>웹프로그래머>프론트엔드
https://kr.indeed.com/viewjob?jk=b482db75bd81046e,(사)한국디지털기업협회 UIUX분야 or 프로그래밍 전문 강사님,한국디지털기업협회 디지털인재개발원 서울 강남구,,"격요건 인원 [담당업무] * UI 구현 및 UIUX 콘센트 기획 또는 * 프로그래밍 언어 활용 (SQL, JAVA 등) 강의 [자격요건] 경력사항: 경력(2년 이상) 직무기술: 기획 UIUX, UI 퍼블리싱, 프로그래..."
https://kr.indeed.com/viewjob?jk=01455f89ee27ebe4,2021년 (주)퍼브 개발 신입/경력,퍼브 서울 강서구,,인터넷·IT·통신·모바일·게임>웹프로그래머>웹개발|인터넷·IT·통신·모바일·게임>응용프로그래머> JAVA
https://kr.indeed.com/viewjob?jk=09e37afaced8a278,(경력직) Java 개발자 정규직,인사이트온 서울 강남구,"연봉 44,000,000원 - 46,000,000원","지원자격 경력 신입·경력 학력 - 성별 무관 기타 담당업무 대기업 시스템 소프트웨어 개발 Java 개발 상세모집요강 접수기간/방법 지원방법 전형절차 및 제출서류 제출서류 이력서에 응시분야, 연락처, 희망연봉 기재 직무..."
https://kr.indeed.com/viewjob?jk=0ff882ab8b8b7035,웹 서비스 개발자,오지다 대한민국,"연봉 24,000,000원 - 26,000,000원","절차 및 제출서류 제출서류 이력서에 응시분야, 연락처, 희망연봉 기재 직무/산업 직무별(직종) 콘텐츠.사이트운영디버깅 웹프로그래머웹프로그래머, ASP, JSP, JAVA, Servlet, CORBA, PHP, CGI, XML"
https://kr.indeed.com/viewjob?jk=5a41599c2129531d,[현대중공업] 특수선) 2020년 경력사원,한국조선해양 대한민국,,희망업무 자격요건 주요업무 근무지 모집 인원 함정설계 (경력) 정규직 조선 CAD 융합기술 개발 ㆍC# 또는 JAVA 프로그램 경력 3년 이상 ㆍAM(AVEVA MARINE) 프로그램 개발 우대 ㆍ오라클 기반 개발 경험...
https://kr.indeed.com/viewjob?jk=4a59ddd08fd9e751,"웹개발, JAVA 경력 계약직, 프리랜서",씨케이하나 경기도 이천,,"(주) 씨케이하나 웹개발, JAVA 경력 계약직, 프리랜서 채용 모집부문 및 자격요건 담당업무 자격요건 인원 [담당업무]UNIX 환경에서 Java 개발.기간... 웹프로그래머>웹개발|인터넷·IT·통신·모바일·게임>웹프로그래머> JAVA"
https://kr.indeed.com/viewjob?jk=c00c9362fd0ab744,"[아이티기술]PLM 개발/웹 개발자 정규직 (JAVA, PLM 솔루션)-...",아이티기술 서울 수서동,,"모집직종 JAVA 프로그래밍 언어 전문가 관련직종 컴퓨터시스템 설계 및 분석가 직무내용 JAVA 프로그래밍, 프로세스 혁신 컨설팅, 시스템 구축... Teamcenter ] [ JAVA ] 우대사항 우대사항 외국어능력 - 전공..."
https://kr.indeed.com/viewjob?jk=a7b7e9d4007b23a5,[삼성SDS 근무] Web어플리케이션 JAVA 개발자,리버스아이티 수원 영통구,,솔루션개발자 모집/ JAVA/ JSP) 삼성SDS수원 모집부문 및 자격요건 담당업무 자격요건 인원 [담당업무]웹솔루션 개발 ( JAVA/JSP)[근무부서... 통신·모바일·게임>웹프로그래머> JAVA|인터넷·IT·통신·모바일·게임>웹프...
https://kr.indeed.com/viewjob?jk=b25baa813b3549cb,웹개발 경력인재 - 코스닥상장 우량회사,에스에프인촌 서울 구로구,,바일·게임>웹프로그래머>JSP|인터넷·IT·통신·모바일·게임>웹프로그래머> JAVA|인터넷·IT·통신·모바일·게임>웹프로그래머>백엔드|인터넷·IT·통신... 통신·모바일·게임>응용프로그래머> JAVA|인터넷·IT·통신·모바일·게임...
https://kr.indeed.com/viewjob?jk=f1309393b7b2246d,웹개발자 신입 및 병역특례,캐럿글로벌 서울 강남구,,그래머> JAVA|인터넷·IT·통신·모바일·게임>웹프로그래머>PHP |인터넷·IT·통신·모바일·게임>웹프로그래머>백엔드|인터넷·IT·통신·모바일·게임>웹프로그래머>프론트엔드|인터넷·IT·통신·모바일·게임>응용프로그래머> JAVA...
https://kr.indeed.com/viewjob?jk=a7ad2455872da832,[카카오스토리] 개발자 모집 (서버),카카오 4.0 성남 판교역,,면서 함께 성장해 나가고 있습니다. 업무내용 카카오스토리 서버 개발 및 운영 지원자격 Java 서버 개발 경력 3년 이상 Java Spring framework를 이용한 서버 개발 경험 객체지향 설계 및 구현 가능...
